Nome_Fantasia;Cnes;Cnpj;UF;Municipio
AMPARO MATERNIDADE;3427633;26618074000180;GO;GOIANIA
APMI;2568373;81644718000112;PR;UNIAO DA VITORIA
ASILO DE CARIDADE SANTA CASA DE BOM SUCESSO;2179628;18863985000144;MG;BOM SUCESSO
ASSOC AACD V CLEMENTINO;2077655;60979457000111;SP;SAO PAULO
ASSOCIACAO BENEFICENTE HOSPITALAR PERITIBA;2689863;78478559000119;SC;PERITIBA
ASSOCIACAO HOSPITAL PERSONAL CUIDADOS ESPECIAIS;5607442;8620828000154;SP;SAO PAULO
ASSOCIACAO HOSPITALAR MANOEL FRANCISCO GUERREIRO;2793237;3184906000100;RS;GUAPORE
ASSOCIACAO HOSPITALAR PE JOAO BERTHIER;2538571;86108263000134;SC;SAO CARLOS
CAETE SANTA CASA DE CAETE;2117312;18979328000167;MG;CAETE
CARDIO PULMONAR DA BAHIA;3814378;13952064000134;BA;SALVADOR
CASA CARIDADE SANTA TEREZA;2202891;24975237000156;MG;SERRO
CASA DE CARIDADE DE CARANGOLA;2764776;19274091000181;MG;CARANGOLA
CASA DE CARIDADE DE MURIAE HOSPITAL SAO PAULO;4042085;22780498000195;MG;MURIAE
CASA DE CARIDADE LEOPOLDINENSE;2122650;22149165000162;MG;LEOPOLDINA
CASA DE PORTUGAL;3113205;33607045000188;RJ;RIO DE JANEIRO
CASA DE SAUDE E MATERNIDADE SANTA MARTHA;3016501;30079461000162;RJ;NITEROI
CASA DE SAUDE SANTA EFIGENIA LTDA;2428369;11403094000166;PE;CARUARU
CASA DE SAUDE SANTA LUCIA;6878865;29435005005279;RJ;RIO DE JANEIRO
CASA DE SAUDE SANTA LUCIA LTDA;2162237;22790182000184;MG;MURIAE
CASA DE SAUDE SANTA MARIA;2448424;27490614000155;ES;COLATINA
CASA DE SAUDE SANTOS;3008398;18290268000170;SP;SANTOS
CASA DE SAUDE SAO JOSE;2165481;25421421000117;MG;UBERABA
CASAMATER;2323281;6833917000153;PI;TERESINA
CBCO;2519283;250178000190;GO;GOIANIA
CDC CENTRO DE DIAGNOSTICO E CIRURGIA;356611;3404350000101;GO;CERES
CEGEN;2577380;6233166000134;PR;CORNELIO PROCOPIO
CEMOX;3571157;95952701000137;SC;SAO BENTO DO SUL
CENTRO DE TRATAMENTO FABIANA MACEDO DE MORAIS;5869412;1146603000169;SP;SAO JOSE DOS CAMPOS
CENTRO HOSPITALAR ALBERT SABIN SA;3021289;9866294000103;PE;RECIFE
CENTRO MATERNO INFANTIL REGINA PACIS PORTO VELHO;2743590;14659791000170;RO;PORTO VELHO
CENTRO MEDICO;2308983;6265912000171;MA;SAO LUIS
CENTRO MEDICO HOSPITALAR DE VILA VELHA S A;5417139;410817000138;ES;VILA VELHA
CENTRO PEDIATRICO DA LAGOA;3008568;28602407000108;RJ;RIO DE JANEIRO
CLIMES CLINICA MEDICA;3085384;40320103000153;RJ;RIO DE JANEIRO
CLINICA BOM VIVER;5289548;536674000105;BA;SALVADOR
CLINICA DO CALCULO;3312844;26719088000190;GO;GOIANIA
CLINICA LOS ANGELES;3117626;2541094000131;PR;CURITIBA
CLINICA OBSTETRICA SANTA MARIA MADALENA;3006131;30869986000100;RJ;RIO DE JANEIRO
CLINICA OSTEO;3196712;81273377000116;PR;CASCAVEL
CLINICA PROFESSOR PAULO GUEDES LTDA;2223589;88667167000151;RS;CAXIAS DO SUL
CLINICA SANTA HELENA;3499502;95837506000166;SC;FLORIANOPOLIS
CLINICA SANTA MONICA;2589532;1569060000192;GO;APARECIDA DE GOIANIA
CLINICA SAO CAMILO;2371324;15505738000188;MS;DOURADOS
CLINICAS MASTERPLASTICA MONTE SINAI;2515598;7230181000191;RO;ARIQUEMES
CLIPEL;5852870;1000311000113;RJ;CABO FRIO
CRUZ VERMELHA BRASILEIRA FILIAL DO ESTADO DO PARANA;15423;7404052000172;PR;CURITIBA
CSPM CASA DE SAUDE PINHEIRO MACHADO;3003450;35753862000170;RJ;RIO DE JANEIRO
DOMINGOS LOURENCO HOSPITAL E MATERNIDADE;5073898;8026117000156;RJ;NILOPOLIS
FBC;3813436;16475154000250;BA;SALVADOR
FEMINA HOSPITAL INFANTIL E MATERNIDADE;2494523;14920631000133;MT;CUIABA
FUNDACAO HOSPITAL MATERNIDADE SAO CAMILO;2770326;27108380000139;ES;ARACRUZ
FUNDACAO NAPOLEAO LAUREANO;2399741;9112236000194;PB;JOAO PESSOA
GASTROCLINICA;2578425;81761066000104;PR;LONDRINA
GENESIS CENTRO MEDICO HOSPITALAR;3165019;78675204000110;PR;CASCAVEL
GRUPO CEMERU SAUDE;7436734;40201642000335;RJ;ITAGUAI
HCL HOSPITAL DO CANCER DE LONDRINA;2577623;78633088000176;PR;LONDRINA
HOSP ALBERT SABIN;2082314;62996640000150;SP;SAO PAULO
HOSPITAL ADVENTISTA DE SAO PAULO;3166597;43586122000971;SP;SAO PAULO
HOSPITAL ADVENTISTA DO PENFIGO;2646773;60833910001230;MS;CAMPO GRANDE
HOSPITAL AGNUS DEI LTDA;5136385;8147477000106;BA;CATU
HOSPITAL ALBERT SABIN;3019063;17268871000193;MG;JUIZ DE FORA
HOSPITAL ALBERT SABIN ATIBAIA;2081865;4275687000129;SP;ATIBAIA
HOSPITAL ALPHA MED CARAPICUIBA;2083191;49770076000195;SP;CARAPICUIBA
HOSPITAL ANA COSTA DE SANTOS;2025760;68253731000182;SP;SANTOS
HOSPITAL ANA NERY;2255936;95422358000119;RS;SANTA CRUZ DO SUL
HOSPITAL ARAUCARIA DE LONDRINA;6074502;8271755000132;PR;LONDRINA
HOSPITAL ARNALDO GAVAZZA FILHO;2206382;26150979000178;MG;PONTE NOVA
HOSPITAL BALBINO;2271451;42297507000107;RJ;RIO DE JANEIRO
HOSPITAL BELO HORIZONTE;27979;3490958000104;MG;BELO HORIZONTE
HOSPITAL BELVEDERE;27693;25567934000130;MG;BELO HORIZONTE
HOSPITAL BENEFICIENTE SANTA LUZIA;2707969;88625686003768;RS;CAPAO DA CANOA
HOSPITAL BETHESDA;2521296;84712983000189;SC;JOINVILLE
HOSPITAL BOM JESUS;18694;80860273000145;PR;RIO NEGRO
HOSPITAL BOM JESUS;2590727;7597753000175;PR;IVAIPORA
HOSPITAL BOM SAMARITANO;2118661;22709109000135;MG;GOVERNADOR VALADARES
HOSPITAL BRUNO BORN;2252287;91162511000165;RS;LAJEADO
HOSPITAL CALIXTO MIDLEJ FILHO;2772280;14349740000142;BA;ITABUNA
HOSPITAL CARLOS CHAGAS;6663834;10623179000197;RO;ARIQUEMES
HOSPITAL CASA EGAS MONIZ;5510341;33496134000102;RJ;RIO DE JANEIRO
HOSPITAL CEDRO;2378809;86204799000153;SC;SAO JOSE DO CEDRO
HOSPITAL CESAR LEITE;2173166;22263081000155;MG;MANHUACU
HOSPITAL COMUNITARIO DE CARAZINHO;2262274;88450234000181;RS;CARAZINHO
HOSPITAL COMUNITARIO SAO PEREGRINO LAZZIOZI;2707977;87873279000104;RS;VERANOPOLIS
HOSPITAL CONEGO UBIRAJARA CABRAL;2761114;16698771000134;MG;ALPINOPOLIS
HOSPITAL CRISTO REDENTOR MARAU;2246953;88417787000132;RS;MARAU
HOSPITAL CRUZEIRO DO SUL;2079887;61613287000110;SP;OSASCO
HOSPITAL DA BALEIA;2695324;17200429000125;MG;BELO HORIZONTE
HOSPITAL DA DIVINA PROVIDENCIA;2619717;7277622000453;PA;MARITUBA
HOSPITAL DA MULHER;5101344;331474000116;RR;BOA VISTA
HOSPITAL DAS CLIN SAMUEL LIBANIO POUSO ALEGRE;2127989;23951916000475;MG;POUSO ALEGRE
HOSPITAL DAS CLINICAS DE TERESOPOLIS;2297795;32190092000378;RJ;TERESOPOLIS
HOSPITAL DE ANDIRA;2582554;78038114000118;PR;ANDIRA
HOSPITAL DE AVILA;3008002;35716166000193;PE;RECIFE
HOSPITAL DE BASE DE SAO JOSE DO RIO PRETO;2077396;60003761000129;SP;SAO JOSE DO RIO PRETO
HOSPITAL DE CANCER;2506815;1585595000157;GO;GOIANIA
HOSPITAL DE CANCER DE MATO GROSSO;2534444;24672792000109;MT;CUIABA
HOSPITAL DE CANELA;2235609;88210794000169;RS;CANELA
HOSPITAL DE CARIDADE DE CRISSIUMAL;2708000;89051247000140;RS;CRISSIUMAL
HOSPITAL DE CARIDADE DE IJUI;2261057;90730508000138;RS;IJUI
HOSPITAL DE CARIDADE E BENEFICENCIA;2266474;87768735000148;RS;CACHOEIRA DO SUL
HOSPITAL DE CARIDADE SAO VICENTE DE PAULO;2741989;77893469000121;PR;GUARAPUAVA
HOSPITAL DE CARIDADE SERRO AZUL;2259869;91554097000130;RS;CERRO LARGO
HOSPITAL DE CLINICAS ALAMEDA;3013383;30110902000141;RJ;NITEROI
HOSPITAL DE CLINICAS MARQUES DE VALENCA;3211649;368318000391;RJ;VALENCA
HOSPITAL DE CLINICAS NOSSA SENHORA DA CONCEICAO;2294923;60922168002553;RJ;TRES RIOS
HOSPITAL DE IRAJA;3058212;4090612000173;RJ;RIO DE JANEIRO
HOSPITAL DE NOSSA SENHORA DA SAUDE;2761203;20081238000104;MG;DIAMANTINA
HOSPITAL DE OLHOS DE CASCAVEL;2738090;81270209000177;PR;CASCAVEL
HOSPITAL DE QUEIMADURAS ANAPOLIS;2535262;33322546000118;GO;ANAPOLIS
HOSPITAL DE SANTOS DUMONT;2796562;24573438000127;MG;SANTOS DUMONT
HOSPITAL DE TUNAPOLIS;2378140;83428508000112;SC;TUNAPOLIS
HOSPITAL DILSON GODINHO;2219646;991591000106;MG;MONTES CLAROS
HOSPITAL DIVINA PROVIDENCIA;2237598;87317764000193;RS;PORTO ALEGRE
HOSPITAL DO CANCER DE MARINGA;2586169;78189537000139;PR;MARINGA
HOSPITAL DO CIRCULO;2223570;88645403001372;RS;CAXIAS DO SUL
HOSPITAL DO CORACAO;2081288;60453024000128;SP;SAO PAULO
HOSPITAL DO CORACAO;2519275;2531747000100;GO;GOIANIA
HOSPITAL DO CORACAO;2425300;7818313000796;CE;SOBRAL
HOSPITAL DO CORACAO DE LONDRINA;2758083;4762301000103;PR;LONDRINA
HOSPITAL DO CORACAO DO IMC;2080761;1227786000147;SP;SAO JOSE DO RIO PRETO
HOSPITAL DO CORACAO SAMCORDIS;3029131;30358881000188;RJ;SAO GONCALO
HOSPITAL DO RIM;2665271;2060226000103;GO;GOIANIA
HOSPITAL DOM JOAO BECKER;2232049;92812049000914;RS;GRAVATAI
HOSPITAL DOS FORNECEDORES DE CANA DE PIRACICABA;2087057;54384631000261;SP;PIRACICABA
HOSPITAL DR OSVALDO TEIXEIRA;5050170;8139573000102;RS;TUCUNDUVA
HOSPITAL DR PACIFICO MASCARENHAS;2127091;23221286000130;MG;CAETANOPOLIS
HOSPITAL E CLINICAS SANTA PAULA;3050297;23953466000107;MG;POUSO ALEGRE
HOSPITAL E MATERNIDADE DR LIMA LTDA;3014509;5149979000188;PR;CASCAVEL
HOSPITAL E MATERNIDADE MARIA AUXILIADORA;2377330;86185220001043;SC;PRESIDENTE GETULIO
HOSPITAL E MATERNIDADE MARIETA KONDER BORNHAUSEN;2522691;60194990002200;SC;ITAJAI
HOSPITAL E MATERNIDADE MED CENTER LTDA;5406978;42938662000157;MG;PATROCINIO
HOSPITAL E MATERNIDADE MUNICIPAL N S DO MONTE SERRAT;3774554;60975737007598;SP;SALTO
HOSPITAL E MATERNIDADE NOVA VIDA;2746387;56339211000108;SP;ITAPEVI
HOSPITAL E MATERNIDADE PRAIA DA COSTA;34215997;39298922000162;ES;VILA VELHA
HOSPITAL E MATERNIDADE SAGRADA FAMILIA;2521792;84942887000399;SC;SAO BENTO DO SUL
HOSPITAL E MATERNIDADE SANTA CLARA;2151871;25761040000187;MG;UBERLANDIA
HOSPITAL E MATERNIDADE SANTA ISABEL DE JABOTICABAL;2025477;56896368000134;SP;JABOTICABAL
HOSPITAL E MATERNIDADE SANTA LUIZA;3425398;2616844000197;SC;BALNEARIO CAMBORIU
HOSPITAL E MATERNIDADE SANTA RITA;2743469;4792670000149;PR;MARINGA
HOSPITAL E MATERNIDADE SAO JOSE;2098547;20545232000132;MG;FRUTAL
HOSPITAL ENCORE;2589761;26878439000105;GO;APARECIDA DE GOIANIA
HOSPITAL ERASTO GAERTNER;15644;76591049000128;PR;CURITIBA
HOSPITAL ESPIRITA ANDRE LUIZ;27812;17308883000102;MG;BELO HORIZONTE
HOSPITAL ESPIRITA DE PSIQUIATRIA BOM RETIRO;16365;76544741000600;PR;CURITIBA
HOSPITAL ESTRELA;2252260;3123393000208;RS;ESTRELA
HOSPITAL EVANGELICO DA BAHIA HEB;4979;15171093000194;BA;SALVADOR
HOSPITAL EVANGELICO DE BELO HORIZONTE;26808;17214743000167;MG;BELO HORIZONTE
HOSPITAL EVANGELICO DE LONDRINA;2550792;78613841000161;PR;LONDRINA
HOSPITAL EVANGELICO DE SOROCABA;2708558;61705877000334;SP;SOROCABA
HOSPITAL FREI CLEMENTE SOLEDADE;2246961;97503676000130;RS;SOLEDADE
HOSPITAL GERAL UNIVERSITARIO;2659107;3468485000130;MT;CUIABA
HOSPITAL IBIAPABA CEBAMS;2098938;19557487000136;MG;BARBACENA
HOSPITAL ILHA DO GOVERNADOR;7954549;22233557000105;RJ;RIO DE JANEIRO
HOSPITAL IMACULADA CONCEICAO;2148293;16881161000171;MG;CURVELO
HOSPITAL INFANTIL DE CAMPINAS;2337851;1564939000141;GO;GOIANIA
HOSPITAL INSTITUTO DE MEDICINA E CIRURGIA DO PARANA;3006425;76493345000196;PR;CURITIBA
HOSPITAL IPO;3021238;85514370000108;PR;CURITIBA
HOSPITAL ISRAELITA ALBERT SABIN;3603539;33722224000166;RJ;RIO DE JANEIRO
HOSPITAL ITALIANO;3005984;33268475000201;RJ;RIO DE JANEIRO
HOSPITAL ITALIANO;3005984;33268475000112;RJ;RIO DE JANEIRO
HOSPITAL JARDIM CUIABA;2674955;5994724000111;MT;CUIABA
HOSPITAL LAGO SUL;3009939;603542000230;DF;BRASILIA
HOSPITAL LIBERTAE MEDICAL CENTER;7663285;19904440000282;MG;SETE LAGOAS
HOSPITAL M SAO DOMINGOS NA PROVIDENCIA DE DEUS;7647891;53221255005614;MG;UBERABA
HOSPITAL MANOEL NOVAES;2525569;14349740000304;BA;ITABUNA
HOSPITAL MARIA LUCINDA;566;9767633000102;PE;RECIFE
HOSPITAL MATA DA PRAIA LTDA;8610101;8279419000136;ES;VITORIA
HOSPITAL MATER DEI;2577704;78614971000208;PR;LONDRINA
HOSPITAL MEMORIAL ARTHUR RAMOS;2006472;1722424000122;AL;MACEIO
HOSPITAL MEMORIAL GUARARAPES;2319454;10072296000100;PE;JABOATAO DOS GUARARAPES
HOSPITAL NETTO CAMPELLO DE SERTAOZINHO SP;2078961;1613433008089;SP;SERTAOZINHO
HOSPITAL NEUROLOGICO;2339765;1011865000116;GO;GOIANIA
HOSPITAL NOSSA SENHORA AUXILIADORA;2756951;3873593000199;MS;TRES LAGOAS
HOSPITAL NOSSA SENHORA DA CONCEICAO;2491710;83883306001213;SC;TUBARAO
HOSPITAL NOSSA SENHORA DA CONCEICAO HNSC;2419653;86531803000198;SC;URUSSANGA
HOSPITAL NOSSA SENHORA DAS DORES;2215586;20959292000100;MG;ITABIRA
HOSPITAL NOSSA SENHORA DAS GRACAS;2232014;88314133000183;RS;CANOAS
HOSPITAL NOSSA SENHORA DAS GRACAS;2206528;24993560000152;MG;SETE LAGOAS
HOSPITAL NOSSA SENHORA DOS ANJOS;2185563;26202168000173;MG;ITAMBACURI
HOSPITAL OESTE DOR;7659415;6047087003316;RJ;RIO DE JANEIRO
HOSPITAL OSWALDO CRUZ;2755246;38147344000109;TO;PALMAS
HOSPITAL OTORRINO;2518853;1604628000169;GO;GOIANIA
HOSPITAL PADRE ALBINO CATANDUVA;2089327;47074851000819;SP;CATANDUVA
HOSPITAL PADRE MAXIMO VENDA NOVA DO IMIGRANTE;2403331;27443803000177;ES;VENDA NOVA DO IMIGRANTE
HOSPITAL PALMITOS;2664984;85361053000190;SC;PALMITOS
HOSPITAL PILAR;3000885;76498013000102;PR;CURITIBA
HOSPITAL PORTUGUES;2018098;4382792000167;AM;MANAUS
HOSPITAL PRONTOCOR DE MURIAE;4042107;20349767000138;MG;MURIAE
HOSPITAL REGIONAL DE FRANCA SP;2081601;68392604000164;SP;FRANCA
HOSPITAL REGIONAL DO OESTE;2537788;2122913000106;SC;CHAPECO
HOSPITAL REGIONAL DO SUL DE MINAS;2761041;25863390000154;MG;VARGINHA
HOSPITAL REGIONAL DOM BOSCO;2164612;16906935000171;MG;ARAXA
HOSPITAL RENASCENTISTA POUSO ALEGRE;2761068;4168172000120;MG;POUSO ALEGRE
HOSPITAL RIO DOCE;2465833;27836329000143;ES;LINHARES
HOSPITAL RIO LARANJEIRAS LTDA;5409063;8752137000104;RJ;RIO DE JANEIRO
HOSPITAL SAGRADA FAMILIA;2227908;91681361001844;RS;SAO SEBASTIAO DO CAI
HOSPITAL SAMARIA;2379627;82763798000430;SC;RIO DO SUL
HOSPITAL SAMARITANO;2339706;1552942000145;GO;GOIANIA
HOSPITAL SAMARITANO;2080818;60544244000167;SP;SAO PAULO
HOSPITAL SANCTA MAGGIORE PARAISO;7174721;461479001054;SP;SAO PAULO
HOSPITAL SANTA CASA;2580055;78614971000119;PR;LONDRINA
HOSPITAL SANTA CASA DE CURITIBA;15334;76613835000189;PR;CURITIBA
HOSPITAL SANTA CRUZ DE CANOINHAS;2491249;83192096000164;SC;CANOINHAS
HOSPITAL SANTA HELENA;2518457;1656123000148;GO;GOIANIA
HOSPITAL SANTA HELENA;2220423;20377941000156;MG;CONTAGEM
HOSPITAL SANTA HELENA SAO JOSE DO RIO PRETO;2797844;59970947000178;SP;SAO JOSE DO RIO PRETO
HOSPITAL SANTA ISABEL;2558245;60922168005226;SC;BLUMENAU
HOSPITAL SANTA JULIANA;2002078;529443000336;AC;RIO BRANCO
HOSPITAL SANTA LUCINDA SOROCABA;2765942;60990751001791;SP;SOROCABA
HOSPITAL SANTA MARIA;2518058;19734484000120;GO;GOIANIA
HOSPITAL SANTA MARTA NIQUELANDIAGO;2442817;2216174000111;GO;NIQUELANDIA
HOSPITAL SANTA RITA DE CASSIA VITORIA;11738;28137925000106;ES;VITORIA
HOSPITAL SANTA RITA LTDA;3074889;3151578000137;MS;DOURADOS
HOSPITAL SANTA ROSALIA;2208172;25104902000107;MG;TEOFILO OTONI
HOSPITAL SANTA TERESA;2275635;60922168000429;RJ;PETROPOLIS
HOSPITAL SANTA TERESINHA;2665883;86437845000164;SC;BRACO DO NORTE
HOSPITAL SANTA TEREZA;2081938;51879500000186;SP;CAMPINAS
HOSPITAL SANTO AFONSO;2250675;96419353000108;RS;CANDIDO GODOI
HOSPITAL SANTO ANTONIO;2178559;19989904000110;MG;CURVELO
HOSPITAL SAO BERNARDO;2538342;83506030000797;SC;QUILOMBO
HOSPITAL SAO CAMILO;6249604;83506030001254;SC;IPUMIRIM
HOSPITAL SAO CAMILO;6249604;83506030000100;SC;IPUMIRIM
HOSPITAL SAO CARLOS;2240335;89847370000172;RS;FARROUPILHA
HOSPITAL SAO CARLOS;3189546;11794674000121;CE;FORTALEZA
HOSPITAL SAO COTTOLENGO;2535939;420371000122;GO;TRINDADE
HOSPITAL SAO FRANCISCO;2303892;83506030000282;SC;CONCORDIA
HOSPITAL SAO FRANCISCO;2729539;7142188000151;PR;CAMBE
HOSPITAL SAO FRANCISCO;2339218;1625151000106;GO;GOIANIA
HOSPITAL SAO FRANCISCO;2515601;5661954000169;RO;ARIQUEMES
HOSPITAL SAO FRANCISCO;2303892;83506030000100;SC;CONCORDIA
HOSPITAL SAO FRANCISCO NA PROVIDENCIA DE DEUS;7453434;53221255004995;RJ;RIO DE JANEIRO
HOSPITAL SAO FRANCISCO RIBEIRAO PRETO;2079275;1613433006892;SP;RIBEIRAO PRETO
HOSPITAL SAO FRANCISCO SC LTDA;3101126;65705444000178;SP;COTIA
HOSPITAL SAO FRANCISCO TUPA;2080672;54722822000105;SP;TUPA
HOSPITAL SAO JANUARIO;2764865;71033278000103;MG;UBA
HOSPITAL SAO JOAO BATISTA;2241161;91616805000110;RS;NOVA PRATA
HOSPITAL SAO JOAO BATISTA;2760843;26001230000169;MG;VISCONDE DO RIO BRANCO
HOSPITAL SAO JOAO BATISTA DE MACAE;2697041;29696069000183;RJ;MACAE
HOSPITAL SAO JOAO BATISTA HSJB;8364755;83647552000113;SC;CRICIUMA
HOSPITAL SAO JOAO BATISTA HSJB;2540355;83647552000113;SC;CRICIUMA
HOSPITAL SAO JOSE;2758164;92736040000114;SC;CRICIUMA
HOSPITAL SAO JOSE;2154749;19417823000145;MG;CONTAGEM
HOSPITAL SAO JOSE;2241071;87277000000111;RS;ANTONIO PRADO
HOSPITAL SAO JOSE;3517918;60190550000142;SP;SAO JOSE DOS CAMPOS
HOSPITAL SAO JOSE;2275;13016621000105;SE;ARACAJU
HOSPITAL SAO JOSE;2292386;60922168001077;RJ;TERESOPOLIS
HOSPITAL SAO JOSE;2306336;12846027000189;SC;JARAGUA DO SUL
HOSPITAL SAO JOSE;2758164;92736040000890;SC;CRICIUMA
HOSPITAL SAO JOSE ARIQUEMES;2515628;4906749000153;RO;ARIQUEMES
HOSPITAL SAO JOSE DE MARAVILHA;2538180;85197077000156;SC;MARAVILHA
HOSPITAL SAO JOSE DO AVAI;2278855;29640612000120;RJ;ITAPERUNA
HOSPITAL SAO JOSE E MATERNIDADE CHIQUINHA GALLOTTI;2626659;60922168005145;SC;TIJUCAS
HOSPITAL SAO LUCAS;15962;76502897000113;PR;CURITIBA
HOSPITAL SAO LUCAS;7166966;17209891000193;MG;BELO HORIZONTE
HOSPITAL SAO LUCAS;7166966;17209891000274;MG;BELO HORIZONTE
HOSPITAL SAO LUCAS DE SANTOS;2078740;58213380000122;SP;SANTOS
HOSPITAL SAO LUCAS RIBEIRANIA;5171946;6260857000127;SP;RIBEIRAO PRETO
HOSPITAL SAO LUIZ;3405702;27569847000148;ES;VILA VELHA
HOSPITAL SAO MARCOS DE UBERABA LTDA;3435075;25431834000182;MG;UBERABA
HOSPITAL SAO MATEUS;2376091;3153806000108;MS;CAARAPO
HOSPITAL SAO MATEUS;6730914;10793027000132;DF;BRASILIA
HOSPITAL SAO MIGUEL;2120410;21528112000190;MG;JEQUITINHONHA
HOSPITAL SAO PATRICIO;2337495;1380237000108;GO;CERES
HOSPITAL SAO PAULO;2727005;1775217000136;PI;TERESINA
HOSPITAL SAO PAULO;3625087;45272366001553;SP;ARARAQUARA
HOSPITAL SAO PEDRO;2257645;90052804000127;RS;GARIBALDI
HOSPITAL SAO ROQUE DE SEARA;2304155;83506030000606;SC;SEARA
HOSPITAL SAO SALVADOR;2122677;16607509000137;MG;ALEM PARAIBA
HOSPITAL SAO SEBASTIAO;2099454;25945403000134;MG;VICOSA
HOSPITAL SAO V PAULO AFONSO CLAUDIO;2402874;27002674000181;ES;AFONSO CLAUDIO
HOSPITAL SAO VICENTE;2080923;59901454000186;SP;SAO JOSE DO RIO PARDO
HOSPITAL SAO VICENTE;3075516;81190449000242;PR;CURITIBA
HOSPITAL SAO VICENTE DE PAULO;2379333;85131993000193;SC;MAFRA
HOSPITAL SAO VICENTE DE PAULO;2246988;92021062000106;RS;PASSO FUNDO
HOSPITAL SAO VICENTE DE PAULO DE ABAETE;2126796;16505851000126;MG;ABAETE
HOSPITAL SAO VICENTE DE PAULO DE UBA;2760703;25335670000190;MG;UBA
HOSPITAL SAPIRANGA;2232154;97279350000170;RS;SAPIRANGA
HOSPITAL SOBRASA;2301296;13761374000171;BA;TEIXEIRA DE FREITAS
HOSPITAL UNICLINIC;3047091;5867015000175;CE;FORTALEZA
HOSPITAL UNIMED;3213943;88258884001444;RS;NOVO HAMBURGO
HOSPITAL UNIMED;3506959;87647756000296;RS;IJUI
HOSPITAL UNIMED;5108969;40294225000201;RJ;CAMPOS DOS GOYTACAZES
HOSPITAL UNIMED BEBEDOURO;3137163;27578434002769;SP;BEBEDOURO
HOSPITAL UNIMED DE CAPIVARI;3334678;59499251000296;SP;CAPIVARI
HOSPITAL UNIMED ITAPETININGA;3987957;57149775000574;SP;ITAPETININGA
HOSPITAL UNIMED LINHARES;3070328;35988963000200;ES;LINHARES
HOSPITAL UNIMED RECIFE I;5540739;11214624000470;PE;RECIFE
HOSPITAL UNIMED RECIFE III;6962831;11214624001957;PE;RECIFE
HOSPITAL UNIMED VALE DO CAI;2227959;87306361000653;RS;MONTENEGRO
HOSPITAL UNIQUE;6650368;8335217000164;GO;GOIANIA
HOSPITAL UNIVERSITARIO SANTA TEREZINHA;2560771;84592369000988;SC;JOACABA
HOSPITAL UNIVERSITARIO SAO FRANCISCO NA PROVIDENCIA DE DEUS;2704900;53221255005100;SP;BRAGANCA PAULISTA
HOSPITAL UNIVERSITARIO UNIVALI;2744937;84307974000293;SC;ITAJAI
HOSPITAL UROLOGICO PUIGEVERTE;2339668;1590900000107;GO;GOIANIA
HOSPITAL VERA CRUZ;2078376;46009718000140;SP;CAMPINAS
HOSPITAL VICENTINO;2686759;60975737003096;PR;PONTA GROSSA
HOSPITAL VIDA;2006960;2476391000140;AL;MACEIO
HOSPITAL VIRVI RAMOS;2223562;88665914000112;RS;CAXIAS DO SUL
HOSPITAL VITALLIS BARREIRO;5509483;7586599000136;MG;BELO HORIZONTE
HOSPITAL WILSON ROSADO;2371707;35650324000150;RN;MOSSORO
HOSPITAL XV;3005585;76530518000107;PR;CURITIBA
HOSPITAL YUTAKA TAKEDA;2673886;24232886001996;PA;PARAUAPEBAS
HOSPITAL 05 DE OUTUBRO;5874645;24232886007099;PA;CANAA DOS CARAJAS
HOSPITAL 10 DE JULHO;7755333;47565155000996;SP;PINDAMONHANGABA
HTO HOSPITAL GERAL;126029381;33875865000150;BA;FEIRA DE SANTANA
IMPERIAL HOSPITAL DE CARIDADE;19402;83884999000106;SC;FLORIANOPOLIS
INCOR SANTA MONICA;2531208;23430770000170;MA;IMPERATRIZ
INFANTIL SANTOS COOPERATIVA MEDICO HOSPITALAR;3221792;47774393000154;SP;SANTOS
INSTITUTO DANTE PAZZANESE DE CARDIOLOGIA IDPC SAO PAULO;2088495;53725560000170;SP;SAO PAULO
INSTITUTO DE CARDIOLOGIA DO DISTRITO FEDERAL;3276678;92898550000600;DF;BRASILIA
INSTITUTO ORTOPEDICO DE GOIANIA IOG;2338149;1570589000126;GO;GOIANIA
IRMANDADE DA SANTA CASA DE MISERICORDIA DE CATAGUASES;2098911;19529478000131;MG;CATAGUASES
MATERCLIN;2701626;32972408000111;MT;RONDONOPOLIS
MATERNIDADE CURITIBA;3000877;75105510000122;PR;CURITIBA
MATERNIDADE DO POVO MATRIZ;2332930;4933933000192;PA;BELEM
MATERNIDADE E HOSPITAL OCTAVIANO NEVES;27871;17272568000164;MG;BELO HORIZONTE
MATERNIDADE FEMINA;5363659;53629000108;GO;GOIANIA
MATERNIDADE MODELO;2519356;1550771000115;GO;GOIANIA
MATERNIDADE SANTA FE;27494;17267634000108;MG;BELO HORIZONTE
MATERNIDADE SANTA PAULA LTDA;3530159;27330885000143;ES;VITORIA
MATERNIDADE SAO FRANCISCO;3022080;247125000200;RJ;NITEROI
MATERNIDADE SAUDE DA CRIANCA;5332427;63846455000142;PA;BELEM
MATERNIDADE SINHA JUNQUEIRA;2078791;56014830000122;SP;RIBEIRAO PRETO
NATAL HOSPITAL CENTER;2656930;2109397000180;RN;NATAL
NOSSA SENHORA DE FATIMA HOSPITAL DA MULHER E MATERNIDADE;15717;76583160000415;PR;CURITIBA
OURO PRETO SANTA CASA DE OURO PRETO;2163829;23065329000136;MG;OURO PRETO
PAX CLINICA PSIQUIATRICA;2589672;1250414000131;GO;APARECIDA DE GOIANIA
PREMIER RESIDENCE HOSPITAL;3477355;7028113000144;SP;SAO PAULO
PROCARDIO;2309033;69420156000128;MA;SAO LUIS
PROCARDIO HOSPITAL MEMORIAL SAO FRANCISCO;3398315;8973539000139;PB;JOAO PESSOA
PRONCOR;2599848;3121241000268;MS;CAMPO GRANDE
PRONTO SOCORRO INFANTIL DE GOIANIA;2338130;1545649000150;GO;GOIANIA
PRONTO SOCORRO PARA QUEIMADURAS LTDA;2338416;1588128000180;GO;GOIANIA
PRONTOBABY HOSPITAL DA CRIANCA;5160308;33472200000104;RJ;RIO DE JANEIRO
PRONTOCLINICA PASSO FUNDO;3141330;90619818000180;RS;PASSO FUNDO
PRONTONORTE;3019616;511816000180;DF;BRASILIA
REDE PRIMAVERA HOSPITAL PRIMAVERA;6003494;13356779000124;SE;ARACAJU
SABARA SANTA CASA DE MISERICORDIA DE SABARA;2117282;24315681000145;MG;SABARA
SAGRAT COR HOSPITAL;2017741;1397718000126;AM;MANAUS
SAMER HOSPITAL;2299216;29072642000188;RJ;RESENDE
SANTA CASA DA MISERICORDIA DE SAO JOAO DEL REI;2161354;24729097000136;MG;SAO JOAO DEL REI
SANTA CASA DE ALEGRETE;2248328;87200929000142;RS;ALEGRETE
SANTA CASA DE ANDRADAS;2775956;16731630000176;MG;ANDRADAS
SANTA CASA DE CORNELIO PROCOPIO;2582449;76256064000110;PR;CORNELIO PROCOPIO
SANTA CASA DE FERNANDOPOLIS;2093324;47844287000108;SP;FERNANDOPOLIS
SANTA CASA DE IBIA;2181029;20049300000172;MG;IBIA
SANTA CASA DE JAU;2791722;50753631000150;SP;JAU
SANTA CASA DE MARILIA;2083116;52049244000162;SP;MARILIA
SANTA CASA DE MISERICORDIA DE CACHOEIRO DE ITAPEMIRIM;2485680;27187087000104;ES;CACHOEIRO DE ITAPEMIRIM
SANTA CASA DE MISERICORDIA DE ITAPEVA;2027186;49797293000179;SP;ITAPEVA
SANTA CASA DE MISERICORDIA DE ITAPIRA;2084287;49911985000104;SP;ITAPIRA
SANTA CASA DE MISERICORDIA DE PELOTAS;2253054;92219559000125;RS;PELOTAS
SANTA CASA DE MISERICORDIA DE SAO JOSE DO RIO PRETO;2798298;59981712000181;SP;SAO JOSE DO RIO PRETO
SANTA CASA DE MISERICORDIA DE TATUI;2079135;72189582000107;SP;TATUI
SANTA CASA DE MISERICORDIA DO HOSP SAO FRANCISCO DE ASSIS;2139200;25268012000122;MG;TRES PONTAS
SANTA CASA DE RIO CLARO;2082888;56384183000140;SP;RIO CLARO
SANTA CASA DE SAO GABRIEL;2248204;96593322000160;RS;SAO GABRIEL
SANTA CASA DE VOTUPORANGA;2081377;72957814000120;SP;VOTUPORANGA
SANTA CASA HOSP DR ARISTOTELES OLIVEIRA MARTINS PRES PRUDENT;2080532;55344337000108;SP;PRESIDENTE PRUDENTE
SANTA CASA MISERICORDIA BARBACENA;2138875;17082892000110;MG;BARBACENA
SANTA MARIA CENTRO DE ATENCAO EM PSIQUIATRIA;27774;17247297000197;MG;BELO HORIZONTE
SANTA SANTA CASA;2164620;16908600000192;MG;ARAXA
SAO BERNARDO APART HOSPITAL;5678838;7039651000134;ES;COLATINA
SEMEC CENTRO MEDICO HOSPITALAR AGENOR PAIVA;3001814;15140254000182;BA;SALVADOR
SOCIEDADE MAE DA DIVINA PROVIDENCIAHOSP N SRA DOS PRAZERES;2500431;84942887000127;SC;LAGES
SOCIEDADE MAE DA DIVINA PROVIDENCIAHOSP N SRA DOS PRAZERES;2504316;84942887000127;SC;LAGES
SOS CARDIO;3327337;85307098000187;SC;FLORIANOPOLIS
UBERLANDIA MEDICAL CENTER;7433867;17087591000189;MG;UBERLANDIA
UNIMED VITORIA COOPERATIVA DE TRABALHO MEDICO;7581467;27578434002769;ES;VITORIA
UNIMED VITORIA COOPERATIVA DE TRABALHO MEDICO;3137163;27578434002769;ES;VITORIA
